Patient_1;Patient_2;Patient_3;Patient_4;Patient_5;Patient_6
A0A0B4J2D5;A0AVT1;A0A0B4J2D5;A0A0B4J2D5;O43390;A0AVT1
A0AVT1;A6NHL2;A0AVT1;A0AVT1;P43686;A0FGR8
A0FGR8;A6NKG5;A0FGR8;A0FGR8;P52788;A6NHL2
A1L0T0;A6NMZ7;A1X283;A6NHL2;Q9Y6E0;B5ME19
A6NHL2;B5ME19;A2A3N6;B5ME19;Q9UNF0;O00154
B5ME19;O00148;A6NHL2;O00116;P33176;O00159
O00148;O00154;A6NKG5;O00154;P35222;O00186
O00154;O00159;B5ME19;O00159;O75044;O00194
O00159;O00161;O00148;O00161;P00568;O00203
O00186;O00186;O00154;O00186;P52895;O00231
O00194;O00194;O00159;O00194;Q92597;O00232
O00203;O00203;O00161;O00203;Q9UN37;O00264
O00231;O00231;O00186;O00231;O60749;O00299
O00232;O00232;O00194;O00232;O60645;O00300
O00264;O00264;O00203;O00264;P54578;O00303
O00291;O00299;O00231;O00291;Q07157;O00401
O00299;O00303;O00232;O00299;P09543;O00410
O00303;O00410;O00264;O00300;P12081;O00429
O00401;O00425;O00291;O00303;P27487;O00468
O00410;O00429;O00299;O00410;P30566;O00469
O00425;O00468;O00303;O00425;P60900;O00471
O00429;O00469;O00410;O00429;P62753;O00505
O00468;O00471;O00425;O00468;P62140;O00560
O00469;O00487;O00429;O00469;Q99798;O00571
O00471;O00505;O00468;O00471;Q92629;O00592
O00487;O00506;O00469;O00505;P53004;O00629
O00505;O00560;O00471;O00560;O14818;O14495
O00506;O00571;O00505;O00571;P30740;O14744
O00560;O00592;O00506;O00592;P50990;O14786
O00571;O00629;O00560;O00629;P32119;O14818
O00629;O14495;O00571;O14495;P56192;O14908
O00764;O14558;O00592;O14558;P62424;O14936
O14494;O14579;O00629;O14579;Q9Y5M8;O14950
O14495;O14744;O00764;O14773;Q9P0L0;O14964
O14558;O14786;O14494;O14786;Q08AM6;O14974
O14579;O14787;O14495;O14787;Q6UVY6;O14980
O14786;O14818;O14558;O14818;P13645;O15031
O14818;O14908;O14579;O14828;P10619;O15118
O14828;O14936;O14656;O14880;P98095;O15143
O14908;O14950;O14786;O14908;Q8WX93;O15144
O14910;O14964;O14787;O14910;Q63ZY3;O15145
O14936;O14974;O14807;O14936;P54920;O15173
O14950;O14979;O14818;O14950;P43235;O15240
O14974;O14980;O14880;O14964;Q07021;O15371
O14979;O15031;O14908;O14974;Q13488;O15427
O14980;O15067;O14910;O14980;P07686;O15460
O15013;O15118;O14936;O15031;P26232;O15484
O15031;O15143;O14950;O15066;P31937;O15498
O15067;O15144;O14964;O15118;O00264;O15523
O15118;O15145;O14974;O15143;O60506;O43175
O15131;O15173;O14979;O15144;Q8IZP0;O43237
O15143;O15240;O14980;O15145;B5ME19;O43242
O15144;O15305;O15031;O15173;P49755;O43390
O15145;O15371;O15066;O15240;P68400;O43399
O15173;O15427;O15118;O15371;P62906;O43488
O15240;O15460;O15126;O15400;P05106;O43491
O15371;O15498;O15143;O15427;O75340;O43505
O15400;O43143;O15144;O15439;P16278;O43592
O15427;O43175;O15145;O15460;Q15008;O43615
O15439;O43237;O15173;O15484;P20337;O43681
O15460;O43242;O15240;O15498;O43707;O43707
O15484;O43294;O15371;O43169;Q13641;O43747
O15498;O43390;O15372;O43175;P31930;O43776
O43175;O43488;O15427;O43237;P35527;O43795
O43237;O43491;O15439;O43242;P23381;O43852
O43242;O43505;O15460;O43390;P40429;O43854
O43294;O43556;O15484;O43488;Q7Z5L7;O43865
O43390;O43681;O15498;O43491;Q14847;O60488
O43396;O43707;O43155;O43505;Q14165;O60493
O43399;O43747;O43175;O43615;Q04446;O60506
O43488;O43776;O43237;O43633;O95573;O60565
O43491;O43795;O43242;O43681;Q96RT1;O60568
O43592;O43852;O43294;O43707;P35237;O60610
O43615;O43854;O43390;O43776;P46060;O60645
O43681;O43865;O43488;O43795;P11217;O60664
O43707;O60313;O43491;O43852;P49368;O60701
O43776;O60488;O43505;O43854;P07437;O60716
O43795;O60493;O43615;O60313;Q8NEU8;O60749
O43852;O60506;O43633;O60488;P43304;O60763
O43854;O60565;O43681;O60493;Q9HAV0;O60812
O43865;O60610;O43707;O60506;Q16222;O60884
O60313;O60645;O43776;O60565;P26583;O75044
O60331;O60664;O43795;O60568;P07814;O75083
O60488;O60701;O43837;O60610;P22570;O75094
O60493;O60716;O43852;O60645;P51572;O75116
O60506;O60749;O43854;O60664;P61158;O75131
O60565;O60763;O43865;O60701;P23229;O75165
O60568;O60784;O60313;O60716;O00303;O75340
O60610;O60812;O60443;O60749;Q92900;O75351
O60645;O60841;O60488;O60762;Q9NZM1;O75369
O60664;O60884;O60493;O60763;P61204;O75390
O60701;O75083;O60506;O60784;P32969;O75396
O60716;O75094;O60565;O60812;P31949;O75436
O60749;O75116;O60568;O60841;P49593;O75439
O60763;O75131;O60610;O60884;P09622;O75477
O60841;O75165;O60645;O75083;P47755;O75489
O60884;O75306;O60664;O75094;O00748;O75508
O75044;O75326;O60684;O75116;P35443;O75695
O75083;O75340;O60701;O75131;Q86W92;O75718
O75084;O75351;O60716;O75165;P50502;O75787
O75094;O75369;O60749;O75306;O75718;O75828
O75116;O75390;O60763;O75340;O75436;O75844
O75131;O75396;O60784;O75351;Q9ULV4;O75874
O75165;O75436;O60812;O75367;Q06124;O75915
O75340;O75477;O60841;O75369;P36776;O75955
O75351;O75487;O60884;O75390;P09486;O75964
O75369;O75489;O75044;O75396;Q9BZF1;O76003
O75390;O75494;O75083;O75436;Q96JB6;O94760
O75396;O75533;O75094;O75477;P30084;O94804
O75436;O75534;O75116;O75489;O75489;O94826
O75477;O75569;O75131;O75508;Q07065;O94832
O75487;O75643;O75165;O75695;P10301;O94905
O75489;O75695;O75306;O75718;P62834;O94925
O75534;O75718;O75340;O75787;P07384;O94973
O75569;O75787;O75351;O75828;Q13740;O94979
O75695;O75828;O75369;O75844;Q9H2G2;O95202
O75718;O75832;O75390;O75874;P60953;O95297
O75787;O75844;O75396;O75915;Q13510;O95302
O75821;O75874;O75436;O75935;Q14344;O95373
O75828;O75915;O75477;O75947;Q15046;O95394
O75844;O75935;O75487;O75955;Q9UL26;O95433
O75874;O75955;O75489;O75962;P63000;O95571
O75915;O75964;O75508;O75964;O14908;O95716
O75955;O76003;O75534;O76003;O76003;O95747
O75962;O76094;O75569;O76094;P54289;O95782
O76003;O94760;O75695;O94760;P11766;O95816
O76013;O94808;O75718;O94804;P12236;O95819
O76094;O94826;O75781;O94813;Q01970;O95837
O94760;O94832;O75787;O94826;Q14240;O95865
O94804;O94905;O75828;O94832;P18621;O95980
O94826;O94925;O75844;O94856;Q8N1N4;O96011
O94832;O94973;O75874;O94905;P09525;P00338
O94855;O94979;O75915;O94919;P19013;P00367
O94874;O95297;O75935;O94925;P18084;P00387
O94905;O95302;O75955;O94973;Q9Y2D4;P00390
O94919;O95336;O75962;O94979;P51884;P00403
O94925;O95340;O75964;O95197;P01031;P00441
O94973;O95373;O76003;O95202;P16671;P00488
O94979;O95394;O76094;O95297;P01112;P00491
O95202;O95433;O94760;O95302;P10644;P00505
O95297;O95571;O94826;O95336;Q13162;P00533
O95302;O95573;O94832;O95373;P08253;P00558
O95336;O95747;O94856;O95394;O95865;P00568
O95373;O95782;O94905;O95433;Q9H2M9;P00742
O95394;O95816;O94919;O95479;Q13418;P00966
O95433;O95819;O94925;O95571;P12277;P01008
O95573;O95837;O94973;O95573;P18085;P01023
O95716;O95865;O94979;O95747;O60716;P01024
O95747;O95980;O95084;O95782;Q15126;P01031
O95782;P00338;O95202;O95816;O14950;P01111
O95816;P00367;O95297;O95819;P62277;P01112
O95819;P00387;O95302;O95831;P01111;P01116
O95837;P00403;O95336;O95865;P80303;P01889
O95865;P00488;O95340;O95980;P18206;P02452
O95980;P00491;O95373;O96005;P12814;P02461
P00338;P00492;O95394;O96011;P08865;P02511
P00367;P00505;O95433;P00338;P46939;P02533
P00387;P00533;O95445;P00367;P02545;P02538
P00390;P00558;O95571;P00387;P11021;P02545
P00488;P00568;O95573;P00390;O60841;P02649
P00491;P00742;O95716;P00403;P15121;P02675
P00492;P00966;O95747;P00441;P12111;P02751
P00505;P01008;O95782;P00488;Q7Z6Z7;P02768
P00533;P01023;O95816;P00492;Q9UBC2;P02771
P00558;P01024;O95819;P00505;P11413;P02786
P00568;P01031;O95834;P00533;Q9NUP9;P02787
P00742;P01111;O95837;P00558;O76094;P02792
P00966;P01112;O95865;P00568;P62136;P02794
P01008;P01116;O95980;P00742;P09651;P03956
P01023;P01130;O96005;P00813;P20073;P04040
P01024;P01889;O96008;P00966;P48444;P04062
P01031;P02452;P00338;P01008;Q9H223;P04075
P01111;P02461;P00367;P01023;P07093;P04083
P01112;P02511;P00387;P01024;P38606;P04114
P01116;P02533;P00390;P01111;P30085;P04179
P01889;P02545;P00403;P01112;P28838;P04181
P02452;P02649;P00441;P01116;Q86Y46;P04216
P02461;P02675;P00488;P01130;P12109;P04259
P02511;P02751;P00491;P01889;P35580;P04264
P02533;P02768;P00492;P02452;Q14152;P04406
P02538;P02771;P00505;P02461;P13804;P04424
P02545;P02786;P00533;P02511;Q9P2B2;P04439
P02649;P02792;P00558;P02533;P51151;P04632
P02751;P02794;P00568;P02538;P00813;P04745
P02768;P04040;P00742;P02545;Q15084;P04792
P02771;P04075;P00813;P02649;P40939;P04843
P02786;P04080;P00966;P02675;Q9NYU2;P04844
P02787;P04083;P01008;P02751;P51149;P04899
P02792;P04114;P01023;P02768;Q14764;P05023
P02794;P04179;P01024;P02771;P11177;P05026
P04040;P04181;P01031;P02786;Q13554;P05089
P04062;P04216;P01111;P02787;O14579;P05091
P04075;P04259;P01112;P02788;Q9HDC9;P05106
P04080;P04264;P01116;P02792;Q9Y4D7;P05121
P04083;P04406;P01130;P02794;P60174;P05141
P04114;P04424;P01889;P03956;P04040;P05198
P04179;P04439;P02452;P04004;Q99460;P05388
P04181;P04632;P02458;P04040;O15066;P05543
P04216;P04745;P02461;P04062;P00338;P05556
P04259;P04792;P02511;P04075;P06733;P06396
P04264;P04843;P02533;P04080;P02538;P06576
P04406;P04844;P02538;P04083;O15031;P06733
P04424;P04899;P02545;P04114;Q14195;P06737
P04439;P05023;P02649;P04179;O00410;P06744
P04632;P05067;P02675;P04181;P35606;P06748
P04745;P05091;P02751;P04216;Q5JRX3;P06753
P04792;P05106;P02768;P04259;Q86VP6;P06756
P04843;P05120;P02771;P04264;P55786;P07093
P04844;P05121;P02786;P04406;P07099;P07099
P04899;P05141;P02792;P04424;P09619;P07195
P05023;P05198;P02794;P04439;P13667;P07237
P05026;P05362;P03956;P04632;P22413;P07339
P05089;P05388;P04040;P04745;Q8WUM4;P07355
P05106;P05543;P04075;P04792;P08779;P07384
P05141;P05546;P04080;P04843;P04075;P07437
P05198;P05556;P04083;P04844;O14828;P07585
P05362;P05997;P04114;P04899;P09382;P07686
P05388;P06396;P04179;P05023;Q99832;P07737
P05543;P06493;P04181;P05026;Q96J84;P07741
P05556;P06576;P04216;P05067;P61026;P07814
P06241;P06730;P04259;P05091;Q92905;P07858
P06396;P06733;P04264;P05106;P55268;P07900
P06576;P06737;P04406;P05120;P98082;P07910
P06730;P06744;P04424;P05121;O43795;P07942
P06733;P06748;P04439;P05141;Q16698;P07947
P06737;P06756;P04632;P05198;Q9NZU5;P07948
P06744;P07093;P04745;P05362;P49748;P07954
P06748;P07099;P04792;P05388;O94832;P07996
P06753;P07195;P04843;P05543;P46940;P08123
P06756;P07237;P04844;P05556;Q9NR99;P08133
P07093;P07339;P04899;P06241;P35241;P08195
P07099;P07355;P05023;P06396;Q16363;P08238
P07195;P07384;P05026;P06493;P49720;P08243
P07237;P07437;P05062;P06576;Q9UKX5;P08253
P07339;P07585;P05091;P06730;Q08431;P08473
P07355;P07737;P05106;P06733;P12955;P08574
P07384;P07741;P05120;P06737;Q92616;P08648
P07437;P07814;P05121;P06744;P04264;P08670
P07585;P07900;P05141;P06748;O75396;P08708
P07737;P07910;P05198;P06753;P36578;P08754
P07741;P07942;P05362;P06756;P35221;P08758
P07814;P07947;P05388;P06865;P13797;P08779
P07858;P07954;P05543;P07093;P46781;P08865
P07900;P07996;P05556;P07099;P15586;P09211
P07942;P08123;P05997;P07195;Q04760;P09382
P07947;P08133;P06132;P07237;Q9BRK3;P09429
P07954;P08195;P06396;P07339;O75915;P09486
P07996;P08237;P06493;P07355;Q92626;P09525
P08123;P08238;P06576;P07384;Q96QK1;P09543
P08133;P08253;P06730;P07437;Q05682;P09619
P08195;P08473;P06733;P07585;P02794;P09622
P08237;P08572;P06737;P07686;P61019;P09651
P08238;P08574;P06744;P07737;P62937;P09936
P08253;P08621;P06748;P07741;Q12792;P09960
P08473;P08648;P06753;P07814;Q01813;P09972
P08567;P08670;P06756;P07858;P61163;P0C0L4
P08574;P08708;P07093;P07900;Q9UHB6;P0CG39
P08648;P08754;P07099;P07910;P46821;P0DMV9
P08670;P08758;P07195;P07942;P14324;P10155
P08708;P08779;P07225;P07954;Q14254;P10301
P08729;P08865;P07237;P07996;P30622;P10644
P08754;P09104;P07339;P08123;Q15365;P10645
P08758;P09172;P07355;P08133;Q99714;P10768
P08779;P09211;P07384;P08195;P22314;P10809
P08865;P09382;P07437;P08238;P13639;P11021
P08913;P09429;P07585;P08253;P05023;P11047
P09104;P09486;P07737;P08294;P55072;P11142
P09110;P09493;P07741;P08473;Q5T9A4;P11166
P09211;P09525;P07814;P08559;Q9Y6C9;P11177
P09382;P09543;P07900;P08567;Q9P2J5;P11216
P09429;P09601;P07910;P08574;Q16610;P11233
P09486;P09619;P07942;P08648;Q9NVA2;P11234
P09488;P09622;P07947;P08670;Q9Y2A7;P11279
P09493;P09651;P07948;P08708;Q9BTV4;P11413
P09525;P09874;P07954;P08754;P35998;P11586
P09543;P09936;P07996;P08758;O60784;P11766
P09619;P09972;P08123;P08779;P12259;P11940
P09622;P0C0L4;P08133;P08865;Q13308;P12081
P09651;P0CG39;P08195;P09104;P13674;P12109
P09936;P0DMV9;P08237;P09110;Q8IUX7;P12110
P09972;P10114;P08238;P09211;P21333;P12111
P0C0L4;P10155;P08243;P09382;Q15907;P12236
P0CG39;P10301;P08253;P09429;P42704;P12259
P0DMV9;P10321;P08473;P09486;Q02818;P12268
P0DP25;P10606;P08559;P09493;O00232;P12277
P10155;P10644;P08567;P09525;Q6IBS0;P12429
P10301;P10645;P08572;P09543;P24821;P12814
P10321;P10768;P08574;P09601;P60981;P12931
P10599;P10809;P08575;P09619;P55209;P12955
P10644;P11021;P08648;P09622;Q9Y6C2;P12956
P10645;P11047;P08670;P09651;P84085;P13489
P10768;P11142;P08708;P09669;Q14247;P13591
P10809;P11172;P08754;P09936;P40261;P13611
P11021;P11216;P08758;P09960;P78417;P13612
P11047;P11233;P08779;P09972;P10809;P13639
P11142;P11234;P08865;P0C0L4;P27824;P13645
P11166;P11279;P08913;P0CG39;Q9Y4K0;P13646
P11172;P11310;P09104;P0DMV9;P08473;P13647
P11177;P11413;P09211;P0DP25;Q12884;P13667
P11216;P11586;P09382;P0DPH8;Q9BUF5;P13674
P11233;P11766;P09429;P10114;Q9Y6M5;P13693
P11234;P11940;P09486;P10155;Q9Y277;P13726
P11279;P12004;P09493;P10301;P38646;P13797
P11413;P12081;P09525;P10321;Q16777;P13798
P11586;P12109;P09543;P10515;P23528;P13804
P11766;P12110;P09619;P10606;Q15113;P13861
P11940;P12111;P09622;P10619;Q15382;P13929
P12004;P12236;P09651;P10644;Q15019;P14314
P12035;P12259;P09874;P10645;Q8IV08;P14324
P12081;P12268;P09936;P10768;P23634;P14543
P12109;P12277;P09960;P10809;P39656;P14550
P12110;P12814;P09972;P11021;P0DMV9;P14618
P12111;P12931;P0C0L4;P11047;P02461;P14625
P12236;P12955;P0C7P4;P11142;Q86YZ3;P14866
P12259;P12956;P0CG39;P11166;Q96HE7;P14868
P12268;P13073;P0DMV9;P11169;Q6YHK3;P14923
P12277;P13473;P10114;P11172;P42765;P15121
P12814;P13489;P10155;P11177;P22105;P15144
P12821;P13611;P10301;P11216;P62873;P15153
P12931;P13612;P10321;P11233;O96005;P15169
P12955;P13639;P10515;P11234;P21589;P15311
P12956;P13645;P10606;P11279;P04062;P15531
P13073;P13647;P10643;P11413;O95302;P15559
P13473;P13667;P10644;P11586;Q27J81;P15880
P13489;P13674;P10768;P11717;P05067;P15924
P13497;P13693;P10809;P11766;Q9Y5S1;P16035
P13611;P13726;P11021;P11940;P43490;P16070
P13612;P13797;P11047;P12004;P49589;P16152
P13639;P13804;P11142;P12081;O95816;P16401
P13645;P13861;P11166;P12109;P53990;P16402
P13646;P13929;P11169;P12110;Q00839;P16435
P13647;P14314;P11171;P12111;P13646;P16615
P13667;P14543;P11177;P12236;Q9UNH7;P17174
P13674;P14550;P11216;P12259;P00558;P17301
P13693;P14618;P11233;P12268;P07942;P17302
P13726;P14625;P11234;P12277;P06744;P17655
P13797;P14866;P11279;P12429;Q9H4A4;P17813
P13798;P14868;P11413;P12814;Q13425;P17844
P13804;P15121;P11586;P12821;Q07020;P17858
P13807;P15144;P11717;P12955;A0FGR8;P17931
P13861;P15153;P11766;P12956;Q9BTU6;P17936
P13929;P15169;P11940;P13073;P63151;P17980
P14314;P15311;P12004;P13473;P00367;P17987
P14324;P15529;P12081;P13489;Q16851;P18084
P14543;P15531;P12109;P13497;Q9Y3F4;P18085
P14550;P15559;P12110;P13591;P46459;P18124
P14618;P15880;P12111;P13611;P02452;P18206
P14625;P16035;P12235;P13612;P30044;P18621
P14735;P16070;P12236;P13639;P26639;P18669
P14868;P16152;P12259;P13645;O75935;P19022
P14923;P16401;P12268;P13647;P18124;P19338
P15121;P16402;P12277;P13667;P27797;P19367
P15144;P16615;P12429;P13674;Q9Y2Q3;P19623
P15153;P17174;P12814;P13693;Q10567;P19823
P15169;P17301;P12821;P13726;O95782;P20020
P15170;P17302;P12931;P13797;P00390;P20042
P15311;P17655;P12955;P13798;P02511;P20073
P15531;P17693;P12956;P13804;Q6NUM9;P20337
P15559;P17812;P13073;P13861;Q9NTJ5;P20338
P15880;P17813;P13473;P13929;P10114;P20339
P15924;P17844;P13489;P14314;P02649;P20340
P16070;P17858;P13497;P14324;Q13217;P20618
P16152;P17931;P13611;P14543;P61088;P20774
P16278;P17936;P13612;P14550;P22090;P20908
P16401;P17980;P13639;P14618;Q9UBG0;P21266
P16402;P17987;P13645;P14625;P23396;P21281
P16435;P18077;P13647;P14866;P46776;P21291
P16615;P18084;P13667;P14868;Q14204;P21333
P17174;P18085;P13674;P15121;Q93050;P21399
P17301;P18124;P13693;P15144;Q9Y4L1;P21589
P17302;P18206;P13726;P15151;P21796;P21796
P17612;P18621;P13797;P15153;P43007;P21810
P17655;P18669;P13798;P15169;P07711;P21980
P17693;P19022;P13804;P15311;Q14160;P22090
P17812;P19338;P13861;P15531;P09110;P22102
P17813;P19367;P13929;P15559;Q16647;P22105
P17844;P19525;P14314;P15586;Q99829;P22234
P17858;P19623;P14324;P15880;P14618;P22314
P17931;P19784;P14543;P15924;P23142;P22392
P17936;P19823;P14550;P16070;P35232;P22413
P17980;P19827;P14618;P16152;P36957;P22626
P17987;P20020;P14625;P16278;P16152;P22695
P18084;P20042;P14868;P16401;Q92974;P23141
P18085;P20073;P14923;P16402;P52907;P23142
P18124;P20337;P15121;P16435;P01024;P23229
P18206;P20339;P15144;P16615;P14868;P23246
P18621;P20340;P15153;P16930;Q06830;P23284
P18669;P20618;P15169;P17174;P54709;P23381
P19013;P20674;P15170;P17301;Q01518;P23396
P19022;P20774;P15311;P17302;Q9BZQ8;P23526
P19338;P20839;P15531;P17655;Q02218;P23528
P19367;P20908;P15880;P17693;Q9H4M9;P23634
P19525;P21266;P15924;P17812;Q15005;P23919
P19623;P21281;P16070;P17813;P16035;P24534
P19823;P21283;P16152;P17844;P04632;P24539
P19827;P21291;P16234;P17858;Q9BWM7;P24593
P20020;P21333;P16401;P17931;P40926;P24752
P20042;P21399;P16402;P17936;P08123;P24821
P20073;P21589;P16435;P17980;O95297;P25325
P20337;P21796;P16615;P17987;P51153;P25445
P20338;P21810;P17174;P18084;Q9NZN3;P25705
P20339;P21912;P17301;P18085;P07339;P25786
P20340;P21980;P17302;P18124;P17936;P25787
P20618;P22061;P17612;P18206;Q9Y224;P25788
P20674;P22090;P17655;P18621;P78356;P25789
P20908;P22102;P17693;P18669;O43776;P26006
P21266;P22105;P17812;P19022;P08133;P26038
P21281;P22234;P17813;P19338;P04745;P26196
P21333;P22314;P17844;P19367;P21266;P26373
P21399;P22392;P17858;P19525;Q9BR76;P26447
P21589;P22413;P17931;P19623;Q12959;P26639
P21796;P22626;P17936;P19784;P08648;P26641
P21810;P22695;P17980;P19823;P19021;P27105
P21912;P23142;P17987;P19827;P07195;P27348
P21964;P23229;P18077;P20020;Q9UMY4;P27361
P21980;P23246;P18084;P20042;P14543;P27487
P22059;P23258;P18085;P20073;Q01105;P27708
P22061;P23284;P18124;P20337;P04406;P27797
P22102;P23381;P18206;P20338;P11142;P27824
P22105;P23396;P18621;P20339;Q9Y266;P28066
P22234;P23526;P18669;P20340;Q9P035;P28070
P22307;P23528;P19022;P20618;Q8WWI1;P28074
P22314;P23634;P19338;P20774;Q9H4B7;P28300
P22392;P23919;P19367;P20908;Q9Y281;P28331
P22413;P24534;P19623;P21266;P35052;P28482
P22626;P24539;P19823;P21281;P17858;P28838
P22695;P24752;P19827;P21283;P22307;P29144
P22735;P24821;P20020;P21291;Q92542;P29317
P23142;P25205;P20073;P21333;P40925;P29373
P23219;P25445;P20337;P21399;P62736;P29401
P23229;P25685;P20338;P21589;P50552;P29692
P23246;P25705;P20339;P21796;P17980;P29966
P23258;P25786;P20340;P21810;O60568;P29992
P23284;P25787;P20618;P21912;Q13409;P30040
P23381;P25788;P20774;P21964;P63104;P30041
P23396;P25789;P20908;P21980;O43488;P30043
P23526;P26006;P20936;P22061;Q9NQC3;P30044
P23528;P26022;P21266;P22102;Q9H0U4;P30048
P23634;P26038;P21281;P22105;Q96AG4;P30050
P23919;P26196;P21283;P22234;P48449;P30084
P23921;P26232;P21333;P22307;P52306;P30085
P24539;P26373;P21399;P22314;P01889;P30086
P24752;P26378;P21589;P22392;P41250;P30101
P24821;P26447;P21796;P22413;Q04917;P30153
P25445;P26599;P21810;P22626;P00492;P30566
P25705;P26639;P21912;P22695;Q14558;P30740
P25786;P26640;P21964;P23142;Q15286;P30825
P25787;P26641;P21980;P23229;P48556;P30837
P25788;P27105;P22061;P23246;Q13347;P31040
P25789;P27348;P22102;P23258;Q06210;P31150
P26006;P27361;P22105;P23284;P62333;P31153
P26022;P27487;P22234;P23381;O95819;P31689
P26038;P27635;P22307;P23396;Q32P28;P31930
P26196;P27708;P22314;P23526;P45974;P31939
P26232;P27797;P22392;P23528;Q9NX63;P31942
P26373;P27816;P22413;P23634;P31943;P31943
P26447;P27824;P22626;P23919;P39687;P31944
P26583;P28066;P22694;P24534;Q14699;P31946
P26639;P28070;P22695;P24539;Q15738;P31948
P26640;P28074;P23142;P24666;O75844;P31949
P26641;P28300;P23219;P24752;P22392;P32119
P27105;P28331;P23229;P24821;P09960;P32969
P27348;P28482;P23246;P25325;P07355;P33176
P27361;P28838;P23258;P25445;P49591;P33527
P27487;P29144;P23284;P25685;Q9H0X4;P34741
P27635;P29317;P23381;P25705;Q96D15;P34897
P27708;P29401;P23396;P25786;P23284;P34932
P27797;P29692;P23526;P25787;P51148;P35052
P27816;P29966;P23528;P25788;P12110;P35221
P27824;P29992;P23634;P25789;P17174;P35222
P28066;P30040;P23919;P26006;Q14203;P35232
P28070;P30041;P24534;P26022;Q14644;P35237
P28074;P30043;P24539;P26038;P15311;P35241
P28161;P30044;P24666;P26373;O43865;P35268
P28300;P30048;P24752;P26447;P55060;P35442
P28331;P30050;P24821;P26599;Q9NSD9;P35443
P28482;P30084;P25325;P26639;Q14697;P35527
P28838;P30085;P25445;P26640;O75116;P35555
P29144;P30086;P25686;P26641;Q09666;P35579
P29317;P30101;P25705;P27105;P08238;P35580
P29323;P30153;P25786;P27144;P07585;P35606
P29401;P30520;P25787;P27348;P36507;P35611
P29692;P30566;P25788;P27361;P16435;P35613
P29966;P30825;P25789;P27487;Q9Y3A5;P35625
P29992;P31150;P26006;P27635;P68371;P35749
P30040;P31153;P26022;P27658;P14625;P35908
P30041;P31689;P26038;P27708;O43175;P35998
P30043;P31930;P26196;P27797;Q9UNF1;P36507
P30044;P31937;P26373;P27816;Q96FW1;P36542
P30048;P31939;P26447;P27824;Q9H0E2;P36543
P30050;P31942;P26599;P28066;O00429;P36578
P30084;P31943;P26639;P28070;P78344;P36776
P30085;P31946;P26640;P28072;P34932;P36871
P30086;P31948;P26641;P28161;Q96I99;P36873
P30101;P31949;P27105;P28300;P61586;P36955
P30153;P32119;P27144;P28331;P40121;P36957
P30520;P32455;P27348;P28482;Q99733;P37802
P30566;P32969;P27361;P28838;Q8NHP8;P37837
P30740;P33176;P27487;P29144;Q13724;P38117
P30825;P33527;P27635;P29317;Q08629;P38159
P30837;P33991;P27708;P29373;P17302;P38606
P31150;P33992;P27797;P29401;Q76M96;P38646
P31153;P33993;P27824;P29692;O14558;P38919
P31689;P34741;P28066;P29966;O14964;P39019
P31930;P34897;P28070;P29992;Q92499;P39023
P31939;P34932;P28074;P30040;P42892;P39059
P31942;P35052;P28161;P30041;P53396;P39060
P31943;P35221;P28300;P30043;P51659;P39656
P31946;P35222;P28331;P30044;Q8WUJ3;P40121
P31948;P35232;P28482;P30048;P14550;P40227
P31949;P35237;P28827;P30050;Q99497;P40261
P32119;P35241;P28838;P30084;Q99720;P40429
P32322;P35268;P29144;P30085;Q99961;P40925
P32969;P35442;P29317;P30086;O43854;P40926
P33176;P35443;P29373;P30101;P29401;P40939
P33527;P35527;P29401;P30153;Q99685;P41091
P34741;P35555;P29692;P30520;P17301;P41250
P34897;P35579;P29966;P30533;P11216;P41252
P34932;P35580;P29992;P30566;P24534;P42025
P35052;P35606;P30040;P30740;Q12797;P42224
P35221;P35611;P30041;P30825;O00231;P42330
P35222;P35613;P30043;P30837;P49419;P42356
P35232;P35625;P30044;P31040;P37837;P42677
P35237;P35637;P30048;P31146;P0C0L4;P42704
P35241;P35749;P30050;P31150;Q12765;P42765
P35268;P35908;P30084;P31153;Q96CV9;P42766
P35442;P35998;P30085;P31689;O75787;P42892
P35443;P36405;P30086;P31930;O60493;P43007
P35527;P36507;P30101;P31937;Q7Z406;P43034
P35555;P36542;P30153;P31939;P30086;P43304
P35579;P36578;P30520;P31942;Q9Y6K8;P43307
P35580;P36776;P30533;P31943;Q9UKK9;P43490
P35606;P36871;P30566;P31946;A0AVT1;P43686
P35611;P36873;P30622;P31948;P68036;P45877
P35613;P36915;P30626;P31949;Q00341;P45880
P35625;P36955;P30825;P32119;P04439;P45974
P35749;P36957;P30837;P32418;P09211;P46459
P35908;P37108;P31040;P32455;P09488;P46776
P35914;P37802;P31146;P32856;P39023;P46779
P35998;P37837;P31150;P32969;Q8IVF2;P46781
P36405;P38117;P31153;P33176;P67809;P46782
P36507;P38159;P31689;P33527;P30153;P46821
P36542;P38606;P31930;P34741;P35908;P46939
P36578;P38646;P31937;P34897;Q99715;P46940
P36776;P38919;P31939;P34932;P22626;P46977
P36871;P39019;P31942;P35052;P13861;P47755
P36873;P39023;P31943;P35080;Q9BS26;P47756
P36915;P39060;P31946;P35221;P49747;P47897
P36955;P39656;P31948;P35222;P43034;P47985
P36957;P40121;P31949;P35232;P20339;P48047
P37802;P40227;P32119;P35237;Q8IVL6;P48163
P37837;P40261;P32322;P35240;Q8TED1;P48426
P38117;P40429;P32418;P35241;O95202;P48444
P38159;P40925;P32856;P35442;Q9UIQ6;P48449
P38606;P40926;P32969;P35443;P11717;P48556
P38646;P40939;P33176;P35527;P60228;P48637
P39019;P41091;P33527;P35555;P19338;P48643
P39023;P41250;P34741;P35579;Q86UX2;P48735
P39060;P41252;P34897;P35580;Q92520;P48739
P39656;P42025;P34932;P35606;Q15758;P49189
P40121;P42224;P35052;P35611;O60664;P49207
P40123;P42330;P35080;P35613;P12821;P49257
P40227;P42356;P35221;P35749;P26038;P49327
P40261;P42677;P35222;P35908;P62258;P49368
P40429;P42704;P35232;P35914;P33527;P49411
P40925;P42765;P35237;P35998;O14974;P49419
P40926;P42766;P35241;P36405;P31939;P49588
P40939;P42892;P35268;P36507;P53618;P49589
P41091;P43007;P35442;P36542;P61604;P49590
P41250;P43034;P35443;P36543;P42330;P49591
P41252;P43121;P35527;P36578;Q9UBV8;P49720
P42025;P43243;P35555;P36776;Q9H6X2;P49721
P42126;P43246;P35579;P36871;P17405;P49747
P42224;P43304;P35580;P36873;P29992;P49748
P42330;P43487;P35606;P36915;P05198;P49755
P42356;P43490;P35611;P36955;P67936;P50148
P42566;P43686;P35613;P36957;P62081;P50213
P42677;P45877;P35625;P37235;P19823;P50281
P42704;P45880;P35749;P37802;O75083;P50395
P42765;P45974;P35908;P37837;P20020;P50454
P42766;P46060;P35914;P38117;P35613;P50502
P42892;P46108;P35998;P38159;P48047;P50552
P43007;P46439;P36405;P38606;P34931;P50570
P43034;P46459;P36507;P38646;P36871;P50990
P43121;P46776;P36542;P39019;P50991;P50991
P43304;P46777;P36551;P39023;O75094;P50995
P43353;P46778;P36578;P39059;Q92973;P51148
P43490;P46779;P36776;P39060;O75874;P51149
P43686;P46781;P36871;P39656;Q9UBQ7;P51151
P45880;P46782;P36873;P40121;P25445;P51153
P45974;P46783;P36915;P40123;P16615;P51178
P46108;P46821;P36955;P40227;P31689;P51570
P46459;P46939;P36957;P40261;Q9BWS9;P51571
P46776;P46940;P37802;P40429;Q9Y6B6;P51572
P46777;P46977;P37837;P40925;P06737;P51659
P46778;P47755;P38117;P40926;Q8N3E9;P51665
P46779;P47756;P38159;P40939;Q13098;P51884
P46781;P47897;P38606;P41091;Q10471;P51991
P46782;P48047;P38646;P41250;P30041;P52209
P46821;P48426;P38919;P41252;P48163;P52272
P46939;P48444;P39019;P42025;Q96A65;P52292
P46940;P48556;P39023;P42126;P80723;P52306
P46977;P48637;P39059;P42224;P27708;P52565
P47755;P48643;P39060;P42330;Q9UH65;P52597
P47756;P48729;P39656;P42356;Q5ZPR3;P52888
P47897;P48735;P40121;P42566;Q9Y230;P52895
P47985;P48739;P40123;P42704;Q9UNM6;P52907
P48047;P49189;P40222;P42765;Q9UHQ9;P53004
P48147;P49207;P40227;P42766;Q9BSJ8;P53396
P48163;P49257;P40261;P42785;Q9UJU6;P53618
P48426;P49327;P40429;P42892;P19367;P53621
P48444;P49368;P40925;P43007;P09972;P53985
P48449;P49411;P40926;P43034;P51665;P53990
P48509;P49419;P40939;P43304;P62191;P54136
P48556;P49588;P41091;P43307;P50281;P54289
P48637;P49589;P41250;P43353;Q8TF66;P54577
P48643;P49591;P41252;P43487;P35611;P54578
P48735;P49720;P42025;P43490;P50570;P54652
P48739;P49721;P42224;P43686;P11940;P54709
P49189;P49747;P42330;P45880;O00505;P54727
P49207;P49748;P42356;P45974;Q15942;P54886
P49257;P49755;P42677;P46060;Q08257;P54920
P49327;P49773;P42704;P46108;O95810;P55010
P49368;P49821;P42765;P46459;P61225;P55060
P49411;P49915;P42766;P46776;P08758;P55072
P49419;P50148;P42892;P46777;Q13501;P55084
P49588;P50213;P43007;P46779;Q4KMQ2;P55209
P49589;P50281;P43034;P46781;P0CG39;P55263
P49590;P50395;P43121;P46782;P07237;P55268
P49591;P50454;P43304;P46821;P55287;P55290
P49720;P50502;P43307;P46939;P25705;P55786
P49721;P50552;P43490;P46940;Q14956;P55795
P49747;P50570;P43686;P46977;P61978;P55884
P49748;P50990;P45880;P47755;Q9Y394;P56192
P49755;P50991;P45974;P47756;P50995;P56199
P49757;P50995;P46060;P47897;Q92783;P56537
P49915;P51114;P46108;P47985;P01008;P58215
P50148;P51148;P46459;P48047;Q9NZB2;P58335
P50213;P51149;P46734;P48163;P23246;P59998
P50281;P51153;P46776;P48444;Q16181;P60174
P50395;P51178;P46777;P48449;Q9HBI1;P60228
P50416;P51570;P46779;P48556;P05388;P60660
P50454;P51572;P46781;P48637;Q96TA1;P60709
P50502;P51659;P46782;P48643;Q07960;P60842
P50552;P51665;P46783;P48723;Q9H9B4;P60866
P50570;P51991;P46821;P48735;P00742;P60891
P50990;P52209;P46939;P48960;O15484;P60900
P50991;P52272;P46940;P49189;P31153;P60953
P50995;P52292;P46977;P49257;Q00325;P60981
P51148;P52306;P47755;P49327;O15144;P61006
P51149;P52565;P47756;P49368;Q9Y696;P61019
P51151;P52597;P47897;P49411;Q9Y678;P61020
P51153;P52788;P48047;P49419;P31150;P61026
P51159;P52789;P48163;P49588;O75964;P61088
P51178;P52888;P48426;P49589;P48735;P61106
P51570;P52907;P48444;P49591;Q99536;P61158
P51571;P53004;P48449;P49720;P06753;P61160
P51572;P53396;P48556;P49721;P30040;P61163
P51659;P53618;P48637;P49747;P15153;P61201
P51665;P53621;P48643;P49748;P00505;P61204
P51805;P53985;P48735;P49755;O15118;P61221
P51812;P53990;P48739;P49821;Q16822;P61224
P51911;P53999;P49189;P50148;O94925;P61225
P51991;P54136;P49207;P50213;Q7L1Q6;P61247
P52209;P54289;P49257;P50281;Q8NBJ7;P61254
P52272;P54577;P49327;P50395;P20340;P61313
P52292;P54578;P49368;P50416;O15371;P61353
P52294;P54652;P49411;P50454;Q14156;P61421
P52306;P54709;P49419;P50502;Q6NUK1;P61586
P52565;P54727;P49588;P50552;P41091;P61604
P52597;P54886;P49589;P50570;P26022;P61764
P52788;P54920;P49591;P50990;Q96JJ7;P61978
P52789;P55010;P49720;P50991;O00571;P61981
P52888;P55036;P49721;P50995;Q8IWE2;P62070
P52895;P55060;P49746;P51148;Q9Y5X3;P62081
P52907;P55072;P49747;P51149;Q04637;P62136
P53004;P55084;P49748;P51151;Q9UIW2;P62140
P53396;P55209;P49755;P51153;P11233;P62191
P53618;P55268;P49821;P51178;Q14108;P62195
P53621;P55287;P49915;P51570;Q05193;P62241
P53985;P55786;P50148;P51571;P36542;P62244
P53990;P55795;P50213;P51572;Q92598;P62249
P54136;P55884;P50281;P51636;P0DPH8;P62258
P54289;P56192;P50395;P51648;P29144;P62263
P54577;P56199;P50416;P51659;Q13492;P62269
P54578;P56730;P50454;P51665;Q9NR31;P62277
P54652;P57088;P50502;P51688;Q13637;P62280
P54709;P58107;P50552;P51884;Q9BVK6;P62330
P54727;P58215;P50570;P51991;P62249;P62333
P54886;P58335;P50914;P52209;Q9Y617;P62424
P54920;P59998;P50990;P52272;O95394;P62495
P55010;P60174;P50991;P52292;P42356;P62701
P55011;P60228;P50995;P52306;Q8IWA5;P62714
P55036;P60520;P51148;P52565;P08195;P62736
P55060;P60660;P51149;P52788;O75695;P62753
P55072;P60709;P51151;P52789;P04899;P62805
P55084;P60842;P51153;P52888;P56199;P62820
P55209;P60866;P51178;P52895;Q9Y265;P62826
P55263;P60891;P51570;P52907;A6NHL2;P62829
P55268;P60900;P51572;P53004;P50148;P62834
P55786;P60953;P51636;P53007;Q04837;P62847
P55809;P60981;P51659;P53396;Q9Y6M1;P62851
P55884;P61006;P51665;P53618;P23919;P62879
P56192;P61009;P51884;P53621;P07858;P62899
P56199;P61019;P51991;P53708;Q13283;P62906
P56537;P61020;P52209;P53985;Q8TDX7;P62917
P58215;P61026;P52272;P53990;O94905;P62937
P58335;P61106;P52292;P54136;P02768;P62987
P59998;P61158;P52294;P54289;P30837;P63000
P60174;P61160;P52306;P54577;O60763;P63010
P60228;P61163;P52565;P54578;Q9UHG3;P63096
P60660;P61201;P52788;P54652;Q9Y2J2;P63104
P60709;P61204;P52789;P54687;P20618;P63151
P60842;P61221;P52895;P54709;Q9NZL9;P63173
P60866;P61224;P52907;P54727;P38117;P63241
P60891;P61225;P53004;P54886;P05141;P63244
P60900;P61247;P53007;P54920;O00299;P67809
P60903;P61254;P53396;P55010;Q15746;P67936
P60953;P61313;P53597;P55060;Q92743;P68104
P60981;P61353;P53618;P55072;P53621;P68366
P61006;P61586;P53621;P55084;P05556;P68371
P61009;P61604;P53985;P55209;P00491;P68400
P61019;P61764;P53990;P55263;Q12768;P68402
P61020;P61978;P54136;P55268;P04424;P69905
P61026;P61981;P54289;P55287;P08254;P78344
P61088;P62070;P54577;P55290;Q13423;P78356
P61106;P62081;P54578;P55786;Q16555;P78371
P61158;P62136;P54652;P55809;Q13596;P78417
P61160;P62140;P54709;P55884;Q14258;P78539
P61163;P62191;P54727;P56192;Q15121;P78559
P61201;P62195;P54920;P56199;O75390;P80723
P61204;P62241;P55010;P56537;P43307;P81605
P61221;P62244;P55011;P56556;P28074;P83731
P61224;P62249;P55036;P57088;Q99816;P84085
P61225;P62258;P55060;P58215;Q00577;P84095
P61247;P62263;P55072;P58335;P62714;P98082
P61254;P62266;P55084;P59998;P60660;P98095
P61313;P62269;P55209;P60174;Q15149;P98160
P61353;P62277;P55263;P60228;Q99653;Q00325
P61421;P62280;P55268;P60660;P30048;Q00341
P61586;P62314;P55287;P60709;P21281;Q00577
P61604;P62330;P55290;P60842;P49327;Q00610
P61758;P62333;P55786;P60866;Q16832;Q00839
P61764;P62424;P55809;P60891;Q14112;Q01082
P61978;P62495;P55884;P60900;Q9Y262;Q01433
P61981;P62701;P56192;P60903;Q92614;Q01469
P62070;P62714;P56199;P60953;Q9Y5X1;Q01518
P62081;P62736;P57088;P60981;Q96HF1;Q01650
P62136;P62745;P58215;P61006;Q9UJ70;Q01813
P62140;P62750;P58335;P61019;P05121;Q01970
P62191;P62753;P59998;P61020;O75165;Q01995
P62195;P62805;P60174;P61026;Q96KP4;Q02218
P62241;P62820;P60228;P61081;Q9UJZ1;Q02241
P62244;P62826;P60660;P61088;O95980;Q02413
P62249;P62829;P60709;P61106;P50213;Q02750
P62258;P62834;P60842;P61158;P52209;Q02809
P62263;P62847;P60866;P61160;O94973;Q02878
P62266;P62851;P60891;P61163;Q96RF0;Q02978
P62269;P62879;P60900;P61201;Q9UBS4;Q03135
P62277;P62899;P60953;P61204;Q9UM54;Q04446
P62280;P62906;P60981;P61221;Q14019;Q04637
P62330;P62913;P61006;P61224;O15460;Q04695
P62333;P62917;P61009;P61225;Q9Y2G5;Q04721
P62424;P62937;P61019;P61247;P35900;Q04756
P62495;P62979;P61020;P61254;P28482;Q04917
P62701;P62993;P61026;P61313;Q15063;Q05682
P62714;P63000;P61081;P61353;P35442;Q06033
P62736;P63010;P61088;P61421;Q13765;Q06124
P62750;P63096;P61106;P61586;P02533;Q06210
P62753;P63104;P61158;P61604;P27348;Q06830
P62805;P63151;P61160;P61758;O14980;Q07020
P62820;P63173;P61163;P61764;P11279;Q07021
P62826;P63241;P61201;P61978;P07996;Q07065
P62829;P63244;P61204;P61981;Q9C0E8;Q07157
P62834;P67809;P61221;P62070;Q16658;Q07866
P62841;P67936;P61224;P62081;P15144;Q07954
P62851;P68036;P61225;P62136;Q92508;Q07955
P62879;P68104;P61247;P62140;O43852;Q07960
P62899;P68366;P61254;P62191;Q9BRK5;Q08188
P62906;P68371;P61313;P62195;P17931;Q08257
P62913;P68400;P61353;P62241;P42224;Q08431
P62917;P68402;P61421;P62244;P24539;Q08554
P62937;P69905;P61586;P62249;P30520;Q08722
P62987;P78324;P61604;P62258;Q13813;Q09666
P63000;P78344;P61758;P62263;O00186;Q10567
P63010;P78347;P61764;P62266;Q68EM7;Q12765
P63096;P78356;P61978;P62269;Q7KZF4;Q12797
P63104;P78371;P61981;P62277;Q13464;Q12846
P63151;P78417;P62070;P62280;P60709;Q12884
P63173;P78527;P62081;P62330;Q9Y376;Q12905
P63241;P80723;P62136;P62333;Q13126;Q12906
P63244;P83731;P62140;P62424;P09429;Q12907
P67809;P84085;P62191;P62495;O95373;Q12959
P67936;P84095;P62195;P62701;P07947;Q12965
P68036;P84103;P62241;P62736;Q86WV6;Q13011
P68104;P84243;P62244;P62750;P62805;Q13045
P68366;P98095;P62249;P62753;Q7Z2W4;Q13098
P68371;P98160;P62258;P62805;P62330;Q13155
P68400;Q00325;P62263;P62820;P04179;Q13162
P68402;Q00341;P62266;P62826;P17655;Q13200
P69905;Q00535;P62269;P62829;P62917;Q13283
P78324;Q00577;P62277;P62834;P02786;Q13308
P78344;Q00610;P62280;P62851;Q9BWD1;Q13310
P78356;Q00765;P62330;P62879;P62979;Q13347
P78371;Q00839;P62333;P62899;O75131;Q13409
P78386;Q01082;P62424;P62906;O14773;Q13418
P78417;Q01105;P62495;P62913;Q969X5;Q13423
P80723;Q01433;P62701;P62917;Q6PIU2;Q13425
P84085;Q01469;P62714;P62937;Q12907;Q13488
P84095;Q01518;P62736;P62987;Q9NRV9;Q13492
P98082;Q01650;P62750;P63000;P13489;Q13501
P98095;Q01813;P62753;P63010;O60701;Q13509
P98160;Q01970;P62805;P63096;Q86Y82;Q13510
Q00325;Q01995;P62820;P63104;P22695;Q13557
Q00341;Q02218;P62826;P63151;Q02952;Q13561
Q00577;Q02241;P62834;P63173;Q8N8S7;Q13576
Q00610;Q02543;P62847;P63241;P61160;Q13596
Q00839;Q02750;P62851;P63244;Q99988;Q13618
Q01082;Q02790;P62879;P67775;P25786;Q13620
Q01105;Q02809;P62899;P67809;Q9Y639;Q13636
Q01130;Q02878;P62906;P67936;Q9P2R7;Q13637
Q01433;Q03135;P62913;P68036;P0C7P4;Q13641
Q01469;Q04446;P62917;P68104;Q15185;Q13724
Q01518;Q04637;P62937;P68366;Q99623;Q13740
Q01650;Q04721;P62987;P68371;P02792;Q13765
Q01813;Q04756;P63000;P68400;Q01082;Q13813
Q01970;Q04760;P63010;P68402;P50395;Q13885
Q01995;Q04828;P63096;P69905;O43681;Q14019
Q02218;Q04837;P63104;P78324;P39059;Q14108
Q02241;Q04917;P63151;P78344;P08670;Q14112
Q02413;Q05639;P63173;P78357;Q13885;Q14152
Q02543;Q05682;P63241;P78371;Q9Y240;Q14156
Q02750;Q06033;P63244;P78417;Q16543;Q14160
Q02790;Q06124;P67809;P78539;O43237;Q14165
Q02809;Q06210;P67936;P78559;Q5QNW6;Q14192
Q02878;Q06323;P68036;P80303;P62195;Q14195
Q02952;Q06828;P68104;P80723;P03956;Q14203
Q03135;Q06830;P68366;P84085;P02751;Q14204
Q04446;Q07020;P68371;P84095;P55084;Q14240
Q04637;Q07021;P68400;P84243;P15559;Q14247
Q04695;Q07065;P68402;P98082;P61106;Q14254
Q04756;Q07092;P69905;P98095;O95571;Q14258
Q04837;Q07157;P78324;P98160;O75369;Q14315
Q04917;Q07666;P78344;P99999;P61981;Q14344
Q05193;Q07866;P78371;Q00325;Q3KQV9;Q14393
Q05682;Q07954;P78417;Q00341;P36873;Q14533
Q06033;Q07955;P78509;Q00534;Q70UQ0;Q14554
Q06124;Q07960;P78559;Q00535;Q8IZ83;Q14558
Q06210;Q08170;P80303;Q00577;P15880;Q14644
Q06323;Q08209;P80723;Q00610;P30101;Q14697
Q06481;Q08211;P83731;Q00765;P31948;Q14699
Q06830;Q08431;P84085;Q00796;P07900;Q14764
Q07020;Q08722;P84095;Q00839;P48426;Q14847
Q07065;Q08AM6;P84103;Q00888;P00387;Q14974
Q07157;Q09666;P98082;Q01082;P06865;Q15008
Q07866;Q10471;P98095;Q01105;Q06481;Q15019
Q07954;Q10567;P98160;Q01130;P29373;Q15046
Q07955;Q10588;Q00325;Q01433;Q9BSQ5;Q15056
Q07960;Q12765;Q00341;Q01518;Q07866;Q15063
Q08188;Q12768;Q00577;Q01650;Q6DD88;Q15084
Q08209;Q12792;Q00610;Q01813;P04259;Q15113
Q08211;Q12797;Q00765;Q01970;P52597;Q15126
Q08397;Q12846;Q00839;Q01995;P35579;Q15149
Q08431;Q12884;Q01082;Q02218;P39060;Q15181
Q08722;Q12905;Q01130;Q02241;P10909;Q15208
Q08AM6;Q12906;Q01433;Q02543;P20645;Q15233
Q09666;Q12907;Q01469;Q02750;Q15404;Q15286
Q0ZGT2;Q12931;Q01518;Q02809;Q96AY3;Q15293
Q10567;Q12959;Q01650;Q02818;Q5VT79;Q15323
Q10588;Q12965;Q01813;Q02878;P55884;Q15365
Q12765;Q13011;Q01970;Q03135;P06241;Q15366
Q12792;Q13045;Q01995;Q04446;Q92692;Q15382
Q12797;Q13098;Q02218;Q04637;P61254;Q15404
Q12846;Q13126;Q02241;Q04695;P63241;Q15435
Q12884;Q13151;Q02543;Q04721;Q16836;Q15436
Q12907;Q13155;Q02750;Q04756;Q15582;Q15582
Q12959;Q13162;Q02809;Q04760;P22102;Q15717
Q12965;Q13200;Q02818;Q04837;Q9Y5X2;Q15738
Q13045;Q13243;Q02878;Q04917;Q92882;Q15746
Q13098;Q13247;Q02952;Q05193;Q9UPT5;Q15758
Q13126;Q13283;Q02978;Q05682;Q9Y4F1;Q15907
Q13155;Q13308;Q03135;Q06033;Q15293;Q16181
Q13162;Q13310;Q03169;Q06124;P26373;Q16222
Q13200;Q13347;Q04446;Q06210;Q00610;Q16363
Q13308;Q13363;Q04637;Q06323;P05120;Q16401
Q13310;Q13409;Q04721;Q06481;O14495;Q16531
Q13347;Q13418;Q04756;Q06830;O60488;Q16537
Q13409;Q13423;Q04760;Q07020;P78371;Q16555
Q13418;Q13425;Q04837;Q07021;P08708;Q16585
Q13425;Q13488;Q04917;Q07065;P04792;Q16610
Q13459;Q13492;Q05682;Q07157;Q13557;Q16643
Q13464;Q13501;Q06033;Q07866;Q13200;Q16658
Q13488;Q13509;Q06124;Q07954;P63244;Q16698
Q13492;Q13557;Q06210;Q07955;P53985;Q16777
Q13501;Q13561;Q06323;Q07960;Q9UL25;Q16778
Q13509;Q13576;Q06481;Q08209;P62701;Q16822
Q13510;Q13596;Q06830;Q08211;Q96AQ6;Q16832
Q13557;Q13636;Q07020;Q08257;P21283;Q16836
Q13561;Q13637;Q07021;Q08431;P68366;Q16851
Q13576;Q13641;Q07065;Q08722;Q9NZN4;Q16881
Q13596;Q13724;Q07092;Q08AM6;P54136;Q16891
Q13620;Q13740;Q07157;Q09666;P48723;Q32P28
Q13636;Q13765;Q07866;Q10471;Q13576;Q3KQV9
Q13637;Q13813;Q07954;Q10567;P30533;Q3SY69
Q13641;Q13838;Q07955;Q10588;O94979;Q3SY84
Q13724;Q13885;Q07960;Q10713;P08754;Q4KMQ2
Q13740;Q14008;Q08209;Q12765;Q9NT62;Q4V9L6
Q13765;Q14011;Q08211;Q12768;P35555;Q53GQ0
Q13813;Q14019;Q08257;Q12792;P48637;Q562R1
Q13835;Q14103;Q08431;Q12797;Q9NTK5;Q5D862
Q13885;Q14108;Q08554;Q12846;P42025;Q5JPE7
Q14008;Q14112;Q08722;Q12884;Q8NBJ5;Q5JRX3
Q14019;Q14118;Q08830;Q12904;Q3SY69;Q5JWF2
Q14108;Q14152;Q08AM6;Q12905;P28066;Q5QNW6
Q14112;Q14155;Q09666;Q12907;P11172;Q5VW32
Q14152;Q14160;Q10471;Q12959;P52565;Q5ZPR3
Q14155;Q14165;Q10567;Q12965;P78539;Q63ZY3
Q14156;Q14192;Q10588;Q13011;Q9Y287;Q658P3
Q14160;Q14194;Q12765;Q13045;O14656;Q68EM7
Q14165;Q14195;Q12768;Q13057;Q9UHD8;Q6DD88
Q14166;Q14203;Q12792;Q13098;P37802;Q6DKJ4
Q14195;Q14204;Q12797;Q13126;Q5JWF2;Q6NUK1
Q14203;Q14240;Q12846;Q13151;Q14393;Q6NZI2
Q14204;Q14247;Q12884;Q13155;P62241;Q6PIU2
Q14240;Q14254;Q12905;Q13162;P49588;Q6UVK1
Q14247;Q14258;Q12907;Q13200;P61006;Q6UVY6
Q14254;Q14315;Q12931;Q13217;Q15435;Q6YHK3
Q14258;Q14332;Q12959;Q13219;Q16891;Q71U36
Q14315;Q14344;Q12965;Q13228;Q14696;Q76LX8
Q14332;Q14558;Q12974;Q13247;P11047;Q76M96
Q14344;Q14644;Q13011;Q13283;P35749;Q7KZF4
Q14525;Q14697;Q13045;Q13308;Q96CW1;Q7L1Q6
Q14533;Q14699;Q13098;Q13310;P54577;Q7L576
Q14554;Q14738;Q13126;Q13347;P55290;Q7L9L4
Q14644;Q14764;Q13151;Q13409;Q99436;Q7Z3E5
Q14697;Q14767;Q13155;Q13418;P51178;Q7Z3Y8
Q14699;Q14847;Q13162;Q13423;Q7L576;Q7Z406
Q14738;Q14974;Q13177;Q13425;P49189;Q7Z5L7
Q14764;Q15008;Q13200;Q13488;P13612;Q7Z794
Q14847;Q15019;Q13228;Q13492;P36543;Q86TX2
Q14974;Q15029;Q13283;Q13501;P06576;Q86UX2
Q14CN4;Q15046;Q13308;Q13509;P21964;Q86UX7
Q15008;Q15056;Q13310;Q13510;Q13636;Q86VI3
Q15019;Q15063;Q13347;Q13554;P06756;Q86VP6
Q15046;Q15084;Q13404;Q13557;P24844;Q86W92
Q15063;Q15113;Q13409;Q13561;Q7Z5G4;Q86X55
Q15084;Q15121;Q13418;Q13576;Q16401;Q86Y46
Q15102;Q15126;Q13423;Q13586;P27105;Q86YZ3
Q15113;Q15149;Q13425;Q13596;P04843;Q8IUX7
Q15121;Q15181;Q13464;Q13620;P62269;Q8IWA5
Q15139;Q15185;Q13488;Q13637;O00203;Q8IWE2
Q15149;Q15233;Q13492;Q13641;Q15631;Q8IYI6
Q15181;Q15286;Q13501;Q13724;Q9Y6G9;Q8IZ83
Q15286;Q15293;Q13509;Q13740;Q9HD45;Q8IZP0
Q15293;Q15365;Q13557;Q13765;Q02809;Q8N1N4
Q15323;Q15366;Q13561;Q13813;Q04721;Q8N3E9
Q15365;Q15370;Q13576;Q13885;P68402;Q8N8S7
Q15366;Q15382;Q13586;Q14008;P55010;Q8NBJ5
Q15370;Q15404;Q13596;Q14019;P61224;Q8NBS9
Q15382;Q15417;Q13620;Q14103;P29966;Q8NEU8
Q15404;Q15435;Q13630;Q14108;O75351;Q8TCT9
Q15417;Q15582;Q13636;Q14112;O95433;Q8TD55
Q15435;Q15642;Q13637;Q14118;P29317;Q8TDX7
Q15436;Q15691;Q13641;Q14152;P61764;Q8TED1
Q15582;Q15717;Q13724;Q14156;P23526;Q8TF66
Q15691;Q15746;Q13740;Q14160;P14314;Q8WUJ3
Q15717;Q15758;Q13765;Q14165;O00159;Q8WUM4
Q15738;Q15813;Q13813;Q14192;Q7L5N1;Q8WWI1
Q15746;Q15907;Q13885;Q14195;Q9BQE5;Q8WWI5
Q15758;Q15942;Q14008;Q14203;O00468;Q8WX93
Q15836;Q16181;Q14011;Q14204;Q13561;Q92499
Q15907;Q16222;Q14019;Q14240;Q9HB40;Q92508
Q15942;Q16363;Q14108;Q14247;P07602;Q92542
Q16181;Q16401;Q14112;Q14254;P39019;Q92572
Q16222;Q16537;Q14118;Q14257;P51570;Q92597
Q16363;Q16543;Q14152;Q14258;Q8NBS9;Q92598
Q16401;Q16555;Q14156;Q14315;P13647;Q92626
Q16527;Q16610;Q14160;Q14344;Q14257;Q92629
Q16531;Q16629;Q14165;Q14392;P51571;Q92734
Q16537;Q16643;Q14192;Q14393;P04844;Q92743
Q16543;Q16647;Q14195;Q14554;P09601;Q92747
Q16555;Q16658;Q14203;Q14644;Q53GQ0;Q92841
Q16585;Q16698;Q14204;Q14697;P16234;Q92882
Q16610;Q16777;Q14240;Q14699;P42766;Q92900
Q16643;Q16778;Q14247;Q14764;Q9UKU9;Q92930
Q16647;Q16822;Q14254;Q14847;P49411;Q92973
Q16658;Q16832;Q14257;Q14974;P08294;Q93050
Q16698;Q16851;Q14258;Q15005;O75947;Q93088
Q16777;Q16881;Q14315;Q15006;P50452;Q969G5
Q16822;Q16891;Q14344;Q15008;O95837;Q969V3
Q16832;Q27J81;Q14392;Q15019;Q86UX7;Q969X5
Q16836;Q2TAA2;Q14439;Q15046;O60711;Q96A65
Q16851;Q32P28;Q14517;Q15063;O43242;Q96AC1
Q16881;Q3KQV9;Q14554;Q15084;Q12846;Q96AG4
Q16891;Q3SY69;Q14558;Q15113;P28161;Q96AQ6
Q27J81;Q4KMQ2;Q14644;Q15121;Q9Y371;Q96AY3
Q32P28;Q4V9L6;Q14697;Q15126;Q9BXX0;Q96BJ3
Q3KQV9;Q53FA7;Q14699;Q15147;P04181;Q96BY6
Q3SY69;Q53GQ0;Q14738;Q15149;P00533;Q96CW1
Q3SY84;Q53H12;Q14764;Q15165;P54886;Q96FN4
Q3ZCM7;Q53S08;Q14847;Q15181;Q99439;Q96FW1
Q4KMQ2;Q5JWF2;Q14974;Q15185;P09104;Q96FZ7
Q4V9L6;Q5JXB2;Q15006;Q15208;Q9UHB9;Q96HE7
Q53GQ0;Q5QNW6;Q15008;Q15257;Q92930;Q96I99
Q562R1;Q5VT79;Q15019;Q15286;Q5VW32;Q96IU4
Q5D862;Q5VW32;Q15046;Q15293;Q9BT78;Q96JB6
Q5JPE7;Q5VYK3;Q15056;Q15365;P29692;Q96JJ7
Q5JRX3;Q5ZPR3;Q15063;Q15366;P16930;Q96KP1
Q5JWF2;Q63ZY3;Q15075;Q15382;Q9ULC3;Q96KP4
Q5QNW6;Q6DD88;Q15084;Q15404;Q16881;Q96QK1
Q5T4S7;Q6DKJ4;Q15102;Q15435;Q15181;Q96RF0
Q5TCZ1;Q6IBS0;Q15113;Q15436;Q96CX2;Q96RT1
Q5VT25;Q6NUK1;Q15121;Q15582;P04083;Q96TA1
Q5VT79;Q6NZI2;Q15126;Q15631;P26640;Q99439
Q5VW32;Q6P2Q9;Q15139;Q15642;P24752;Q99460
Q5VYK3;Q6P9B6;Q15149;Q15691;O60884;Q99497
Q5ZPR3;Q6UVK1;Q15181;Q15717;P48643;Q99536
Q63ZY3;Q6UVY6;Q15185;Q15738;Q8N1G4;Q99542
Q68EM7;Q6WCQ1;Q15208;Q15746;O43491;Q99623
Q6DD88;Q6YHK3;Q15286;Q15758;Q9UBI6;Q99653
Q6DKJ4;Q70UQ0;Q15293;Q15836;Q6P9B6;Q99685
Q6IBS0;Q71U36;Q15365;Q15907;Q01995;Q99714
Q6KB66;Q71UI9;Q15366;Q15942;P98160;Q99715
Q6NUK1;Q76LX8;Q15370;Q16181;P28070;Q99729
Q6NZI2;Q76M96;Q15382;Q16222;P62826;Q99733
Q6P9B6;Q7KYR7;Q15404;Q16363;P11234;Q99798
Q6PIU2;Q7KZF4;Q15435;Q16401;P52272;Q99816
Q6UB35;Q7L1Q6;Q15436;Q16531;P07225;Q99829
Q6UVK1;Q7L2H7;Q15582;Q16537;P12268;Q99832
Q6UVY6;Q7L576;Q15631;Q16539;O00629;Q9BR76
Q6VY07;Q7L9L4;Q15642;Q16543;P13611;Q9BS26
Q6WCQ1;Q7Z406;Q15717;Q16555;P31946;Q9BSJ8
Q6YHK3;Q7Z6Z7;Q15746;Q16585;Q8TD55;Q9BSQ5
Q6ZVX7;Q7Z794;Q15758;Q16610;P22061;Q9BT78
Q71U36;Q86UX2;Q15813;Q16629;Q6NZI2;Q9BTV4
Q71UI9;Q86V81;Q15833;Q16643;Q71U36;Q9BUF5
Q76LX8;Q86VI3;Q15836;Q16647;P16401;Q9BUT1
Q76M96;Q86VP6;Q15907;Q16658;P09493;Q9BVK6
Q7KZF4;Q86W92;Q15942;Q16698;P69905;Q9BWD1
Q7L1Q6;Q86X55;Q16181;Q16777;P17813;Q9BWM7
Q7L576;Q86Y82;Q16222;Q16778;Q9NP72;Q9BXF6
Q7L5N1;Q86YZ3;Q16363;Q16822;Q12931;Q9BXJ9
Q7L7X3;Q8IUX7;Q16401;Q16832;P13693;Q9BYI3
Q7L9L4;Q8IV08;Q16531;Q16836;Q9UQ80;Q9BZF9
Q7Z2W4;Q8IVF7;Q16537;Q16851;O15143;Q9BZQ8
Q7Z3Y8;Q8IWA5;Q16539;Q16881;Q5T4S7;Q9BZV1
Q7Z406;Q8IWE2;Q16543;Q16891;Q53FA7;Q9GZM7
Q7Z6Z7;Q8IYI6;Q16555;Q27J81;P49257;Q9H0H5
Q7Z794;Q8IZ07;Q16610;Q2TAA2;P61201;Q9H0U4
Q86UX2;Q8IZ83;Q16643;Q32P28;Q14974;Q9H223
Q86UX7;Q8IZP0;Q16647;Q3KQV9;Q9H2K8;Q9H299
Q86VI3;Q8N1G4;Q16658;Q4KMQ2;Q969V3;Q9H2G2
Q86VP6;Q8N5C1;Q16698;Q4LDE5;P08574;Q9H2K8
Q86W92;Q8N8S7;Q16777;Q4V9L6;P10155;Q9H2U2
Q86X55;Q8NB90;Q16795;Q53FA7;O95336;Q9H4A4
Q86YZ3;Q8NBJ5;Q16822;Q53GQ0;Q06033;Q9H4B7
Q8IUX7;Q8NBS9;Q16832;Q53H12;P62851;Q9H4G4
Q8IVF2;Q8NC51;Q16836;Q562R1;P06396;Q9H4M9
Q8IWA5;Q8NE71;Q16851;Q5H9R7;P58335;Q9H6X2
Q8IWE2;Q8NEU8;Q16881;Q5JPE7;P02771;Q9H7Z7
Q8IWE4;Q8TCT9;Q16891;Q5JRX3;Q9Y3B8;Q9H845
Q8IWT6;Q8TDX7;Q27J81;Q5JWF2;P61020;Q9H9B4
Q8IYI6;Q8TED1;Q2TAA2;Q5QNW6;P62070;Q9HAV0
Q8IZ07;Q8TEX9;Q32P28;Q5T9A4;Q9Y3L5;Q9HBI1
Q8IZ83;Q8TF66;Q3KQV9;Q5VT79;O14936;Q9HDC9
Q8IZP0;Q8WUJ3;Q3SY69;Q5VW32;P63096;Q9NP72
Q8N1G4;Q8WUM4;Q3SY84;Q5ZPR3;Q9NVI7;Q9NQC3
Q8N1N4;Q8WVM8;Q4KMQ2;Q63ZY3;P46782;Q9NQW7
Q8N3E9;Q8WWI1;Q4V9L6;Q68CZ2;Q96IU4;Q9NR31
Q8N8S7;Q8WWI5;Q53FA7;Q68EM7;Q07954;Q9NR99
Q8NBJ5;Q8WX93;Q53GQ0;Q6DD88;O15240;Q9NRN5
Q8NBS9;Q92499;Q53H12;Q6DKJ4;P21810;Q9NRV9
Q8NC51;Q92508;Q53S08;Q6IBS0;P28300;Q9NRY6
Q8NEU8;Q92522;Q53TN4;Q6NUK1;Q9UBW8;Q9NSB2
Q8TC12;Q92542;Q562R1;Q6NZI2;P27361;Q9NSD9
Q8TCJ2;Q92572;Q5JPE7;Q6P587;O94760;Q9NSE4
Q8TCT9;Q92597;Q5JRX3;Q6P9B6;P15531;Q9NTK5
Q8TD43;Q92598;Q5JWF2;Q6PIU2;P40227;Q9NVA2
Q8TD55;Q92599;Q5QNW6;Q6UVK1;Q9UIJ7;Q9NVD7
Q8TDX7;Q92616;Q5T4S7;Q6UVY6;P19022;Q9NVI7
Q8TED1;Q92626;Q5VT79;Q6VY07;P25787;Q9NVJ2
Q8TF66;Q92629;Q5VW32;Q6WCQ1;O75477;Q9NX63
Q8WUJ3;Q92633;Q5ZPR3;Q6YHK3;O00560;Q9NY33
Q8WUM4;Q92692;Q63ZY3;Q70UQ0;P30043;Q9NYL4
Q8WVM8;Q92743;Q68EM7;Q71U36;P54652;Q9NYU2
Q8WVV4;Q92747;Q6DD88;Q76LX8;Q9H4G4;Q9NZB2
Q8WWI1;Q92841;Q6DKJ4;Q76M96;O94769;Q9NZL9
Q8WWI5;Q92878;Q6IBS0;Q7KZF4;Q9Y490;Q9NZM1
Q8WX93;Q92882;Q6NUK1;Q7L1Q6;P41252;Q9NZN3
Q92499;Q92888;Q6NZI2;Q7L2H7;P50454;Q9NZN4
Q92508;Q92896;Q6P9B6;Q7L576;P25788;Q9NZU5
Q92542;Q92900;Q6PIU2;Q7L5N1;Q9Y3I0;Q9NZW5
Q92597;Q92905;Q6UVK1;Q7L7L0;O15145;Q9P0L0
Q92598;Q92930;Q6UVY6;Q7L9L4;Q9HBL0;Q9P2B2
Q92599;Q92973;Q6VY07;Q7Z406;Q16643;Q9P2J5
Q92616;Q92974;Q6WCQ1;Q7Z4H8;Q9ULA0;Q9P2R7
Q92626;Q93008;Q6YN16;Q7Z5L7;P07737;Q9UBG0
Q92629;Q93050;Q70UQ0;Q7Z6Z7;Q13045;Q9UBI6
Q92633;Q93088;Q71U36;Q7Z7M9;P84095;Q9UBQ0
Q92692;Q969G5;Q76LX8;Q86UX2;Q14008;Q9UBS4
Q92743;Q96A33;Q76M96;Q86UX7;Q08209;Q9UFN0
Q92747;Q96A65;Q7KYR7;Q86VI3;O15173;Q9UH65
Q92841;Q96AC1;Q7KZF4;Q86VP6;Q8WVM8;Q9UH99
Q92882;Q96AG4;Q7L1Q6;Q86W92;Q9NVJ2;Q9UHB6
Q92896;Q96AQ6;Q7L2H7;Q86YZ3;Q9H3Z4;Q9UHB9
Q92900;Q96AX1;Q7L576;Q8IUX7;P60842;Q9UHD8
Q92930;Q96AY3;Q7L5N1;Q8IVF2;P47897;Q9UHG3
Q92973;Q96BJ3;Q7L7X3;Q8IVL6;P52292;Q9UIJ7
Q92974;Q96CW1;Q7L9L4;Q8IWA5;Q9ULG6;Q9UIQ6
Q93008;Q96CX2;Q7Z2W4;Q8IWE2;P17987;Q9UJ70
Q93052;Q96D15;Q7Z3Y8;Q8IWE4;P18669;Q9UJU6
Q93088;Q96FW1;Q7Z406;Q8IX04;Q14554;Q9UJZ1
Q969G5;Q96FZ7;Q7Z4H8;Q8IYI6;P09936;Q9UKK3
Q969H8;Q96HE7;Q7Z5L7;Q8IZ07;Q96BJ3;Q9UKU9
Q969V3;Q96I99;Q7Z6Z7;Q8IZ83;P63010;Q9UKX5
Q969X5;Q96IJ6;Q86TX2;Q8IZP0;P10768;Q9UL25
Q96A65;Q96IU4;Q86UX2;Q8N1G4;P61221;Q9UL26
Q96AC1;Q96J84;Q86UX7;Q8N2K0;P45880;Q9ULC3
Q96AG4;Q96JB6;Q86V81;Q8N3D4;O75955;Q9ULD0
Q96AQ6;Q96JJ7;Q86VI3;Q8N3E9;P68104;Q9ULV4
Q96AX1;Q96KP4;Q86VP6;Q8N474;P16070;Q9UM54
Q96AY3;Q96N67;Q86W92;Q8N8S7;P46779;Q9UMY4
Q96BJ3;Q96QK1;Q86X55;Q8N9N7;Q8WTS6;Q9UNF0
Q96C19;Q96RF0;Q86YZ3;Q8NBJ5;Q96AC1;Q9UNH7
Q96CW1;Q96RT1;Q8IUX7;Q8NBJ7;Q9NY33;Q9UNM6
Q96CX2;Q96T76;Q8IVF2;Q8NBS9;Q93008;Q9UP95
Q96FN4;Q96TA1;Q8IWA5;Q8NBX0;P46977;Q9UPT5
Q96FW1;Q99436;Q8IWE2;Q8NCH0;P01130;Q9UQ80
Q96FZ7;Q99439;Q8IWT6;Q8ND76;Q12965;Q9Y224
Q96HE7;Q99460;Q8IYI6;Q8NDI1;Q02878;Q9Y230
Q96HF1;Q99497;Q8IZ07;Q8NE71;O75828;Q9Y240
Q96I99;Q99536;Q8IZP0;Q8NEU8;Q03135;Q9Y262
Q96IJ6;Q99542;Q8N1G4;Q8NFQ8;P34897;Q9Y265
Q96IU4;Q99615;Q8N1N4;Q8NHP1;P61421;Q9Y277
Q96JB6;Q99623;Q8N2K0;Q8TC12;P21399;Q9Y281
Q96JJ3;Q99627;Q8N3E9;Q8TCD5;P62820;Q9Y2A7
Q96JJ7;Q99653;Q8N474;Q8TCJ2;P20908;Q9Y2J2
Q96KP1;Q99685;Q8N5C1;Q8TCT9;Q16778;Q9Y2V2
Q96KP4;Q99714;Q8N5K1;Q8TD55;P06748;Q9Y371
Q96P63;Q99715;Q8N766;Q8TDX7;P22234;Q9Y3A5
Q96PY5;Q99729;Q8N8S7;Q8TED1;Q13772;Q9Y3B8
Q96QK1;Q99733;Q8NBJ5;Q8TEX9;P61313;Q9Y3F4
Q96RF0;Q99798;Q8NBJ7;Q8TF66;Q9Y6N5;Q9Y3I0
Q96RT1;Q99816;Q8NBS9;Q8WUJ3;Q9NVD7;Q9Y3L5
Q96T76;Q99829;Q8NE71;Q8WUM4;Q14315;Q9Y490
Q96TA1;Q99832;Q8NEU8;Q8WVM8;P11586;Q9Y4F1
Q99436;Q99873;Q8NHP1;Q8WWI1;P61247;Q9Y4G6
Q99439;Q99961;Q8TCJ2;Q8WWI5;O14786;Q9Y4K0
Q99460;Q9BQ39;Q8TCT9;Q8WX93;Q13509;Q9Y4L1
Q99497;Q9BR76;Q8TD55;Q92499;Q8TCT9;Q9Y512
Q99536;Q9BRK3;Q8TDX7;Q92508;Q13011;Q9Y5M8
Q99623;Q9BS26;Q8TED1;Q92520;Q9Y6W5;Q9Y5S1
Q99653;Q9BSD7;Q8TF66;Q92522;O00506;Q9Y5S2
Q99685;Q9BSJ8;Q8WUJ3;Q92542;Q6UVK1;Q9Y5X1
Q99714;Q9BT78;Q8WUM4;Q92572;P26641;Q9Y617
Q99715;Q9BTU6;Q8WVM8;Q92597;P47756;Q9Y639
Q99729;Q9BTV4;Q8WWI1;Q92598;P49721;Q9Y678
Q99733;Q9BTW9;Q8WWI5;Q92599;P04114;Q9Y696
Q99747;Q9BUF5;Q8WX93;Q92614;P36955;Q9Y6B6
Q99798;Q9BVA1;Q92499;Q92616;P07954;Q9Y6C2
Q99816;Q9BVK6;Q92508;Q92626;O94919;Q9Y6C9
Q99829;Q9BWD1;Q92520;Q92629;P60891;Q9Y6E0
Q99832;Q9BWM7;Q92542;Q92692;P08237;Q9Y6E2
Q99961;Q9BXJ9;Q92572;Q92743;P51648;Q9Y6G9
Q9BR76;Q9BZF1;Q92597;Q92747;Q8WWI5;Q9Y6K8
Q9BS26;Q9BZF9;Q92598;Q92791;Q92599;Q9Y6M5
Q9BSJ8;Q9BZQ8;Q92599;Q92841;P01023;Q9Y6N5
Q9BSQ5;Q9BZV1;Q92616;Q92882;P26006;Q9Y6W5
